backend	repeat	file
crush-verify	1	Examples/ClockBound.lean
crush-core	1	Examples/ClockBound.lean
crush-alethe	1	Examples/ClockBound.lean
crush-portfolio	1	Examples/ClockBound.lean
crush-verify	1	Examples/Consensus.lean
crush-core	1	Examples/Consensus.lean
crush-alethe	1	Examples/Consensus.lean
crush-portfolio	1	Examples/Consensus.lean
crush-verify	1	Examples/DistributedLock.lean
crush-core	1	Examples/DistributedLock.lean
crush-alethe	1	Examples/DistributedLock.lean
crush-portfolio	1	Examples/DistributedLock.lean
crush-verify	1	Examples/LockServer.lean
crush-core	1	Examples/LockServer.lean
crush-alethe	1	Examples/LockServer.lean
crush-portfolio	1	Examples/LockServer.lean
crush-verify	1	Examples/PingPongAuto.lean
crush-core	1	Examples/PingPongAuto.lean
crush-alethe	1	Examples/PingPongAuto.lean
crush-portfolio	1	Examples/PingPongAuto.lean
crush-verify	1	Examples/PingPongTrivial.lean
crush-core	1	Examples/PingPongTrivial.lean
crush-alethe	1	Examples/PingPongTrivial.lean
crush-portfolio	1	Examples/PingPongTrivial.lean
crush-verify	1	Examples/RingLeader.lean
crush-core	1	Examples/RingLeader.lean
crush-alethe	1	Examples/RingLeader.lean
crush-portfolio	1	Examples/RingLeader.lean
crush-verify	1	Examples/ShardedKV.lean
crush-core	1	Examples/ShardedKV.lean
crush-alethe	1	Examples/ShardedKV.lean
crush-portfolio	1	Examples/ShardedKV.lean
crush-verify	1	Examples/TwoPhaseCommit.lean
crush-core	1	Examples/TwoPhaseCommit.lean
crush-alethe	1	Examples/TwoPhaseCommit.lean
crush-portfolio	1	Examples/TwoPhaseCommit.lean
