suite	backend	repeat	file
cashmere	crush-alethe	1	CaseStudies/Cashmere/Cashmere.lean
cashmere	crush-alethe	1	CaseStudies/Cashmere/CashmereIncorrectnessLogic.lean
cashmere	crush-portfolio	1	CaseStudies/Cashmere/Cashmere.lean
cashmere	crush-portfolio	1	CaseStudies/Cashmere/CashmereIncorrectnessLogic.lean
cashmere	crush-verify	1	CaseStudies/Cashmere/Cashmere.lean
cashmere	crush-verify	1	CaseStudies/Cashmere/CashmereIncorrectnessLogic.lean
velvet	crush-verify	1	Velvet/Examples/EncodeDecodeStr.lean
velvet	crush-verify	1	Velvet/Examples/Examples.lean
velvet	crush-verify	1	Velvet/Examples/Examples_Total.lean
velvet	crush-verify	1	Velvet/Examples/GCD.lean
velvet	crush-verify	1	Velvet/Examples/IsNonPrime.lean
velvet	crush-verify	1	Velvet/Examples/IsSorted.lean
velvet	crush-verify	1	Velvet/Examples/MaxElem.lean
velvet	crush-verify	1	Velvet/Examples/MemAlloc.lean
velvet	crush-verify	1	Velvet/Examples/Recursion.lean
velvet	crush-verify	1	Velvet/Examples/SmallHeartBeats.lean
velvet	crush-verify	1	Velvet/Examples/SpMSpV_Example.lean
velvet	crush-verify	1	Velvet/Examples/SubstringSearch.lean
velvet	crush-verify	1	Velvet/Examples/SumOfDigits.lean
velvet	crush-verify	1	Velvet/Examples/TestLoopControl.lean
velvet	crush-verify	1	Velvet/Examples/TestMatch.lean
velvet	crush-verify	1	Velvet/Examples/Total_Partial_example.lean
velvet	crush-alethe	1	Velvet/Examples/EncodeDecodeStr.lean
velvet	crush-alethe	1	Velvet/Examples/Examples.lean
velvet	crush-alethe	1	Velvet/Examples/Examples_Total.lean
velvet	crush-alethe	1	Velvet/Examples/GCD.lean
velvet	crush-alethe	1	Velvet/Examples/IsNonPrime.lean
velvet	crush-alethe	1	Velvet/Examples/IsSorted.lean
velvet	crush-alethe	1	Velvet/Examples/MaxElem.lean
velvet	crush-alethe	1	Velvet/Examples/MemAlloc.lean
velvet	crush-alethe	1	Velvet/Examples/Recursion.lean
velvet	crush-alethe	1	Velvet/Examples/SmallHeartBeats.lean
velvet	crush-alethe	1	Velvet/Examples/SpMSpV_Example.lean
velvet	crush-alethe	1	Velvet/Examples/SubstringSearch.lean
velvet	crush-alethe	1	Velvet/Examples/SumOfDigits.lean
velvet	crush-alethe	1	Velvet/Examples/TestLoopControl.lean
velvet	crush-alethe	1	Velvet/Examples/TestMatch.lean
velvet	crush-alethe	1	Velvet/Examples/Total_Partial_example.lean
velvet	crush-portfolio	1	Velvet/Examples/EncodeDecodeStr.lean
velvet	crush-portfolio	1	Velvet/Examples/Examples.lean
velvet	crush-portfolio	1	Velvet/Examples/Examples_Total.lean
velvet	crush-portfolio	1	Velvet/Examples/GCD.lean
velvet	crush-portfolio	1	Velvet/Examples/IsNonPrime.lean
velvet	crush-portfolio	1	Velvet/Examples/IsSorted.lean
velvet	crush-portfolio	1	Velvet/Examples/MaxElem.lean
velvet	crush-portfolio	1	Velvet/Examples/MemAlloc.lean
velvet	crush-portfolio	1	Velvet/Examples/Recursion.lean
velvet	crush-portfolio	1	Velvet/Examples/SmallHeartBeats.lean
velvet	crush-portfolio	1	Velvet/Examples/SpMSpV_Example.lean
velvet	crush-portfolio	1	Velvet/Examples/SubstringSearch.lean
velvet	crush-portfolio	1	Velvet/Examples/SumOfDigits.lean
velvet	crush-portfolio	1	Velvet/Examples/TestLoopControl.lean
velvet	crush-portfolio	1	Velvet/Examples/TestMatch.lean
velvet	crush-portfolio	1	Velvet/Examples/Total_Partial_example.lean
